year,y,c,x,h,k_data
1948.0,0.02043953795917799,0.013104157269761923,0.004210248543126205,0.24883550168468527,0.21576861303837414
1948.25,0.020722440490169056,0.013239486921890836,0.004453811388741424,0.24873846983863188,0.21685732870562194
1948.5,0.02078562295670559,0.013182606636795711,0.0045632987547503156,0.25082277753239435,0.2181641755668003
1948.75,0.020751835883557994,0.01316968767642905,0.004492828795688387,0.24921122024536177,0.21954493290459104
1949.0,0.020408134493115643,0.01312125348339526,0.0039618051472051835,0.2456399953853397,0.22081761290320717
1949.25,0.02028158402086121,0.013337586897363928,0.0035529825871865534,0.24327832631657934,0.22154693312920828
1949.5,0.02043666367913096,0.01331582066506118,0.003854814190223527,0.23916380782919888,0.2218909694285624
1949.75,0.02021698436471155,0.013465439264150498,0.0036797067508142086,0.23624738954971403,0.22259225861415669
1950.0,0.020969108380342702,0.013658429020369362,0.004288158321729674,0.2365009068870225,0.22318875267980212
1950.25,0.02157075655765112,0.013876662027420942,0.004708182370801616,0.2405297743663278,0.22444513130301283
1950.5,0.022368190627462533,0.014554316946289676,0.005108303496045952,0.24679334564232208,0.22613630082998432
1950.75,0.02275999938666313,0.014081257961815415,0.005745042274350012,0.2496829707209873,0.22820820286405852
1951.0,0.02303026767868525,0.014339631668221381,0.005447549358032344,0.2545762593060439,0.2308697003067365
1951.25,0.023388367294146107,0.013930315203476373,0.005817422195462782,0.25700568618218805,0.23318432368994974
1951.5,0.02382829479950595,0.014078959696897212,0.005636642691149976,0.2555095385708897,0.23583402681149854
1951.75,0.023839433111643566,0.014161979830569722,0.005433009068419282,0.25569506065230746,0.23827591982046098
1952.0,0.024054007269316304,0.014237001484461742,0.005495680850434173,0.25627023002408583,0.24049780995567976
1952.25,0.024066640130303348,0.01447131477330774,0.005150766278670136,0.2548821156353828,0.2427612812058208
1952.5,0.02420084308434761,0.014450305826040327,0.005401176463686262,0.25553165566693953,0.24464762383727376
1952.75,0.024953584636373455,0.014918601866966232,0.005637707340564443,0.2597867119632911,0.24674481556643355
1953.0,0.025372521318273722,0.01512097113049964,0.005768622365804745,0.26025048468141937,0.24902780706908076
1953.25,0.02552171598355175,0.015176909080886527,0.005815969283902742,0.25947683910451513,0.25139349150082413
1953.5,0.025330689086813022,0.015131287329989317,0.0057286440203003644,0.25728210385867467,0.25376564496275233
1953.75,0.02490059759281084,0.015039065487098274,0.005314368284342806,0.2536657895061736,0.25601825528694344
1954.0,0.02473583509564931,0.015094800322431127,0.005272039695352678,0.25103328272034264,0.25783183506004603
1954.25,0.024716774563083566,0.015227675262843956,0.005210148412643958,0.24754889773288738,0.2595751291424295
1954.5,0.024947972254053728,0.015332823293757156,0.005340834866733453,0.24624016583285452,0.26121750216286027
1954.75,0.025384672884057758,0.015564427884156094,0.005501724947047856,0.24805344177080638,0.26294033627823665
1955.0,0.026053401779072335,0.015856212099205774,0.005855807524031861,0.25112206953142235,0.26476415191807295
1955.25,0.026417388440519995,0.016072710835206817,0.006106810394461228,0.2525388054994538,0.2668871523129235
1955.5,0.02671176929893702,0.01618342521526665,0.006147504891268331,0.25542064110765417,0.2692130878281658
1955.75,0.026808871877198066,0.016231532594304675,0.006326666088908011,0.2576550582575875,0.2715402483024408
1956.0,0.026641862395242664,0.016124910484247294,0.0062933528446662895,0.256565142670945,0.27401295867551045
1956.25,0.02679737628676954,0.016152207028267085,0.006224782791449679,0.256654792479499,0.2764035406301646
1956.5,0.026705718017524707,0.016104011239887434,0.006275732162126704,0.2556555199346785,0.2786591153315595
1956.75,0.02707174398482831,0.016311727721043116,0.006220828233831347,0.2548848299260681,0.2808817138837327
1957.0,0.027165330028545952,0.016300504879415253,0.006215402344758411,0.2535687541892649,0.2829554014328884
1957.25,0.027022817957029165,0.01626876402430947,0.006162421891527971,0.2518299021787172,0.2849547709196193
1957.5,0.027203484320457678,0.016381945179352715,0.006237245112979366,0.25167348671908196,0.28686536421333675
1957.75,0.02684144804729397,0.016412961243734422,0.005758206884551965,0.24597070851992062,0.2888480306288657
1958.0,0.026070852723827365,0.016164664743989535,0.0054644850801576555,0.23958506125773027,0.290373503418938
1958.25,0.026171625264636175,0.01623703428282724,0.005381347683699552,0.23756190191916018,0.2916239933218849
1958.5,0.02670712132631411,0.016375448949882142,0.005767767640117202,0.23855883960612556,0.29279585655158286
1958.75,0.027260693266897777,0.016470412593611556,0.006238273407716774,0.2413037885583716,0.29434089447050155
1959.0,0.027710969166996956,0.016803165419879702,0.0064825086357133575,0.24354088036177807,0.2963263810594566
1959.25,0.028262060107892048,0.017060690887339174,0.006788425138446847,0.24791355773141543,0.2985351394213966
1959.5,0.028211341574693474,0.017233326844630185,0.006434133571387939,0.24521721032258204,0.3010471036570214
1959.75,0.028226079233744886,0.01723900046519378,0.006485857476292764,0.24507340246261944,0.3032212782303171
1960.0,0.02879879938580543,0.017320367096072625,0.006982905358143992,0.24437986870530182,0.30546944121860453
1960.25,0.0285797736696999,0.017547235216672827,0.006459341542965182,0.24627047525156898,0.3081556127933809
1960.5,0.028643889366325177,0.017436419820382763,0.006468820089388072,0.24593274323502537,0.3101545107778808
1960.75,0.028181037001019635,0.017425388706765462,0.005886749791777921,0.24292085411931294,0.3119062594558059
1961.0,0.02824954058478415,0.01733894351456648,0.00611647144994744,0.2412997323935191,0.3127625294052335
1961.25,0.02858795173114817,0.01746816503226315,0.0063098867838278765,0.23770156407007068,0.3136366914262136
1961.5,0.028987412199798952,0.017481023599512695,0.006677536238216815,0.2382062287280039,0.3146203359258421
1961.75,0.029409821981801344,0.017707983810330955,0.006814519129259609,0.2399524900541677,0.3160117674053784
1962.0,0.029800731476411164,0.017800881704479805,0.007024892091109032,0.24185895091233744,0.3176701638795884
1962.25,0.029947934479814302,0.017980602863570595,0.006911760162172858,0.24241443017874154,0.31963756418628164
1962.5,0.0301991902789576,0.018065802652269047,0.007005157748801247,0.2408968542921848,0.3215297904535384
1962.75,0.03018279563611341,0.01826983924065696,0.006824354346829281,0.23868823135521192,0.32349659143678017
1963.0,0.0303926268343594,0.018298143634335372,0.006988272364822344,0.23887744099979263,0.32521941609883814
1963.25,0.030610744540354142,0.018393705876288587,0.007057923323385241,0.2393453353903386,0.32705335654176365
1963.5,0.031158226781584475,0.018633416793797392,0.007273092613985034,0.23898813854509682,0.3289237376570351
1963.75,0.031238286691512063,0.018632442962081403,0.007276249168653783,0.23921473003268062,0.3309959167959053
1964.0,0.03177354904141159,0.018954448345256326,0.007411845292809971,0.240352369177607,0.33306971585496203
1964.25,0.03199692683834324,0.019213836942210676,0.00740285535504501,0.24204824489536564,0.3352636372762534
1964.5,0.032372523487655104,0.019479761171468945,0.007447171249136534,0.24229720514738023,0.3374114064809231
1964.75,0.032346088535740065,0.019435327222422822,0.0075009523514494554,0.24304769018161626,0.3395463973997607
1965.0,0.03299600666490007,0.019753335961744903,0.007940573425767296,0.24499195559213,0.3416627762658877
1965.25,0.03327566643297094,0.01989833730940498,0.007927608267352046,0.24660129843289139,0.3441498329349029
1965.5,0.03387340450915557,0.020152723490136547,0.00814170860779859,0.2458203701162714,0.34656074593677
1965.75,0.034507755172804834,0.02055362240949373,0.008191790044099105,0.2475994423907232,0.34913268737912184
1966.0,0.03519808456892232,0.020795707471102525,0.008675070244148228,0.24987311124161604,0.3517079329801042
1966.25,0.03516846016186852,0.020760322809927362,0.008538666785770385,0.2507424081394349,0.3547191359031268
1966.5,0.035315395270621205,0.020866441149634856,0.008504083748378001,0.25109944042278765,0.3575418864277732
1966.75,0.03545317877699963,0.020849848247856382,0.008597747491271105,0.2507826771471416,0.3602802115140969
1967.0,0.03561419539553968,0.020854493573015366,0.00846721515320944,0.25065884342583966,0.3630639614589739
1967.25,0.03548373590807365,0.021042318530296773,0.00811076643801932,0.24827468563169128,0.3656746937572964
1967.5,0.03566715113479231,0.021053080992180978,0.008275683651936953,0.24873816134157017,0.3678969540598293
1967.75,0.035784694269738314,0.021039892744248452,0.008361328377380267,0.24892106650811074,0.37026284440177426
1968.0,0.03636238108784916,0.02144411513237945,0.00842264588905133,0.24836920550745345,0.37269377066397363
1968.25,0.03681616150685214,0.021672361647520913,0.008608539523865415,0.24938451493007097,0.3751506111625683
1968.5,0.0369457370631796,0.02199752273833919,0.008363085728823017,0.2500001237763187,0.37773896902310755
1968.75,0.036932164251446055,0.021936491572542124,0.008405278801690372,0.24990966692628497,0.3800091262387146
1969.0,0.0373450658323722,0.022068784681262898,0.008794091415146803,0.25190172100780256,0.38223988426475985
1969.25,0.03729021290827937,0.022112620989364184,0.008589883437663648,0.2515127393101791,0.3847856952164063
1969.5,0.037365728075621975,0.022080315679265425,0.00861599802114235,0.25132193511602324,0.38706519315474885
1969.75,0.03701362322727614,0.022126127993189422,0.008150258311455329,0.24957633732661993,0.38932613290889084
1970.0,0.03679012884198843,0.02210781558925287,0.007948935714524144,0.24659336845843527,0.3910894580038417
1970.25,0.03667418895934113,0.022043854700217348,0.007912588336289186,0.2437431952181385,0.3926212233015087
1970.5,0.036842202191638536,0.022167997148219872,0.007942862618109333,0.24057459380564786,0.3940803244581228
1970.75,0.0362781974059943,0.022000068966734215,0.007593171535535107,0.23827154953803453,0.39552522828599324
1971.0,0.037088230310152515,0.022190612384052278,0.008087847735374163,0.23770851180740776,0.3965734149559129
1971.25,0.037112245810388765,0.022250092410781516,0.008205629305461211,0.2372813786979351,0.39808481506356375
1971.5,0.03724080636810332,0.022312640152606592,0.008260696582282574,0.2359179739633009,0.3996939426925357
1971.75,0.03715411194457561,0.022528471130117994,0.008018884534237698,0.23607269126963865,0.4013539129836124
1972.0,0.03766346167647569,0.02261587719206237,0.008354181945358627,0.23837804218085917,0.4027810292623548
1972.25,0.03834462622850266,0.02293239793737048,0.00871189796484165,0.2383128131680728,0.40454860584205954
1972.5,0.038534210906140634,0.02316407200605168,0.008727724102997082,0.23872840315719146,0.40666416665443367
1972.75,0.03900599112358017,0.023496305903524296,0.008874548056310569,0.2393508177506373,0.40877249555066975
1973.0,0.03979489260223542,0.023833948098497874,0.00925874259355627,0.24098436305873494,0.4109978616017022
1973.25,0.04005155659521162,0.02380986228875436,0.009453715951581112,0.24218986604596243,0.4135801448074813
1973.5,0.03966783506036799,0.023761255576392644,0.009101283204113448,0.24255172177445533,0.41633359116608826
1973.75,0.039872947853186264,0.023602703066695974,0.00937387227000536,0.24228935842488583,0.41871881641723574
1974.0,0.03936376324448176,0.023542830547112748,0.008957102689239101,0.24167923765760183,0.42136750820909075
1974.25,0.03929250679211716,0.023636839231122298,0.009076159825534223,0.2397321824917054,0.42357253250532245
1974.5,0.0387577823376643,0.023584090155283486,0.008675884357142605,0.2386461970113621,0.4258530855822327
1974.75,0.03844262999856682,0.02304807347998909,0.008670768877476602,0.2353662792888146,0.42766939690093425
1975.0,0.037808869651959925,0.023048443367483556,0.0076582264175903665,0.22905110098560572,0.4294088962873179
1975.25,0.037910802228537405,0.023262182981418685,0.0074003101039772905,0.22687314623970214,0.43008770426634946
1975.5,0.038389535838394884,0.0235119348376698,0.007874455340427751,0.22724021299885674,0.4304998363662703
1975.75,0.03873719348745533,0.023662802270279976,0.008049754108568412,0.2291046094424339,0.43140367126444074
1976.0,0.03944014213106911,0.02404572472772981,0.008612549335856402,0.23107799173651042,0.43251255736787075
1976.25,0.03956399860786258,0.024125868897975685,0.008784431477428823,0.23054298632041065,0.43420314533924576
1976.5,0.03961742178463875,0.02433476505148099,0.008757354522166852,0.2305198213796488,0.4360649201475247
1976.75,0.039741394542177795,0.02449910471957637,0.008745221795018689,0.23108662509452227,0.43788511918848466
1977.0,0.0400495923472622,0.024735091336433396,0.009097256982984232,0.23147311927444914,0.4396680899526181
1977.25,0.04066115697078705,0.024840399031362342,0.009570825888355599,0.23504657900289602,0.44176862033393566
1977.5,0.04122469668013451,0.02504267321625143,0.009880859673783172,0.23619482183894483,0.4442949063271443
1977.75,0.04105468880176871,0.025130605674586998,0.009782392583326903,0.237282942596302,0.4470694958617294
1978.0,0.04101375410254529,0.025211460523985256,0.009836609223717966,0.23730181239265372,0.44968458852732074
1978.25,0.042423411655128,0.025679756144673212,0.010471698687972805,0.24227051542011258,0.45234101750890415
1978.5,0.042681685949699906,0.02570139799980727,0.010728993899515721,0.2432549152768446,0.45567386660234943
1978.75,0.043098832886155215,0.02577549452669582,0.01096001352880566,0.24440883016290424,0.4593539812718266
1979.0,0.0430367111318743,0.02584205793534975,0.010825309885259591,0.24493383959172588,0.4633878812221628
1979.25,0.04295582020605062,0.02582134740788958,0.010878324366528677,0.244613746890941,0.46736182208553745
1979.5,0.04315377677386758,0.02607552157385616,0.010854928509349134,0.2463761953480108,0.4713986874734966
1979.75,0.043140771225472566,0.02621239102602791,0.01071009312258643,0.24644234431750253,0.47535531805825637
1980.0,0.04315120200363229,0.02632994179354503,0.01067662959431153,0.24491959576171835,0.4790618367597209
1980.25,0.04213714872054277,0.025678614790409327,0.009851139700385538,0.2413499156422158,0.4826507291530439
1980.5,0.04196310445810456,0.025910656102724923,0.00924680468825414,0.23964199524900004,0.48536916015201526
1980.75,0.042623342236824124,0.026152772309066603,0.009857774933710008,0.2418376362108813,0.48748574419490404
1981.0,0.04334018877220204,0.02615962824927666,0.010623236681109758,0.24197288891133154,0.4902490914384029
1981.25,0.04290765312593028,0.026016007000924046,0.010244927841557006,0.24075854638401292,0.49380222635018767
1981.5,0.043314034582259374,0.026011449947383292,0.010600697458280562,0.24023266097898227,0.49698384562186915
1981.75,0.04274011714824417,0.025721650314916005,0.010361646734895869,0.2391403152974833,0.5005222712272143
1982.0,0.04197894405618153,0.02582295159225458,0.009468776273716041,0.2346266390744669,0.5038081460408332
1982.25,0.042074607336720526,0.02575568474365871,0.009470755486360356,0.2358837472617551,0.5061752796173934
1982.5,0.04181844395741241,0.025909439390260438,0.009321353844244309,0.2338100944438406,0.5085102179466879
1982.75,0.04173837949477226,0.026318995843691295,0.00874612215607469,0.2318898688080467,0.5106431127540773
1983.0,0.042187821394304714,0.02653385893124795,0.008869368994717504,0.23264543087235237,0.5121388044734191
1983.25,0.04304336081825179,0.02705434024364451,0.009391223836418768,0.23403690730299867,0.5137144759075539
1983.5,0.043797132179583656,0.02754127792677532,0.009815115233170465,0.23769344798112585,0.5157840917485441
1983.75,0.0446033529831943,0.027886554726299365,0.010542193327720792,0.2399535905114775,0.5182603976447068
1984.0,0.04536798906814084,0.028072100151369656,0.011318413900533128,0.24335692643121926,0.5214503469597889
1984.25,0.04604334360305472,0.028431160453760037,0.011579330754430246,0.2456079240787427,0.5253737580213479
1984.5,0.04637593989493469,0.02854063397794349,0.011725059384501177,0.24622336561445501,0.5294794081450712
1984.75,0.046640336539505646,0.028801158338392356,0.011660075702955866,0.2467684334420342,0.5336226680939663
1985.0,0.04696974628751265,0.029268973227919066,0.011304935757910355,0.24773000060648595,0.5375796708542434
1985.25,0.047258484901236734,0.029508611230322272,0.011503369975211088,0.24846617733555265,0.5411079864066534
1985.5,0.04785752677399953,0.03004639438821139,0.0114376680119325,0.24901185734407166,0.5448251102269266
1985.75,0.048098882415586915,0.030081718723096285,0.01175524160011677,0.24947611533086358,0.5485246705871178
1986.0,0.048445340837713985,0.030345121195336316,0.011740361769714193,0.2489217990132671,0.552632096547964
1986.25,0.04857057129036729,0.030470074170325115,0.011644097058457108,0.24846350443052784,0.5567821207469774
1986.5,0.04894749916941902,0.03098957271551588,0.011488892547776693,0.2493734736788161,0.5608467859404477
1986.75,0.04912376819343561,0.031143124108418775,0.011446575315934722,0.2508447031617771,0.5647216019505182
1987.0,0.049400118832613575,0.03121156877041915,0.01170467959039678,0.25326072082486456,0.5684867263320882
1987.25,0.04984381218685343,0.03166553070735997,0.011698739383313683,0.254076255425565,0.5724576710685038
1987.5,0.05018877828739176,0.03203083791756404,0.011660177370731486,0.2553134549376196,0.5763948876645885
1987.75,0.050966546874650735,0.032066992894178185,0.012268948908051596,0.25735454646899164,0.5802934439208117
1988.0,0.051151682278551915,0.03258522507338415,0.011716677402290135,0.257504439513682,0.584815365994646
1988.25,0.05174753098327134,0.03282024006108262,0.011892058486551041,0.260329679415964,0.5887587301061586
1988.5,0.05197284427076231,0.03307456189357259,0.01180673373143322,0.2606035962112526,0.5928103583598093
1988.75,0.05258101506797631,0.033445920158768565,0.011944123574085209,0.26301539715625755,0.5966603983551537
1989.0,0.05302143721578141,0.03357747059884172,0.012211341437122929,0.26514763405048786,0.6004947683545165
1989.25,0.05332250671280699,0.03376338778772385,0.012049616858273986,0.2655567018370221,0.6044421255509097
1989.5,0.0536052283998127,0.03397195989831801,0.011967487373688437,0.26567587026180073,0.6080813913076037
1989.75,0.0535912915016068,0.03406961060077742,0.011855952543364223,0.2655902797277193,0.6115050777465041
1990.0,0.05404966813694089,0.03440238196407582,0.011943256322422248,0.2656395594619256,0.6146927968372078
1990.25,0.05411114877552477,0.03434970481687266,0.011830275773178363,0.26446021541497605,0.6178400365302142
1990.5,0.05400477091838121,0.034536350137177235,0.01160302673120655,0.26322989490463433,0.6207383421440532
1990.75,0.05336380415981387,0.034373941086802945,0.011039369138230897,0.26186253576944596,0.6232681890898333
1991.0,0.05295744394602122,0.03398970875199337,0.010667394267569697,0.2594588056474308,0.6250992718412374
1991.25,0.05320745427378425,0.034102621346173645,0.010616988995324069,0.25746571547707353,0.6264679034495788
1991.5,0.05331134848693264,0.03413189363712117,0.010682264662649337,0.2568432372117548,0.6277450630709368
1991.75,0.05333400288035517,0.0340548012903597,0.010829317342024017,0.25588736562398046,0.6290907216505672
1992.0,0.05381255802150882,0.03467695675967394,0.010624718821337158,0.25411866541393,0.6306172045195395
1992.25,0.054238305150470165,0.03483297953913671,0.010982238310163301,0.25456397711979983,0.6319579634030917
1992.5,0.05461679948868321,0.035157026695182406,0.010964686955710326,0.2537978378993306,0.6336517863869545
1992.75,0.05502704766969838,0.035476697918679974,0.011133080002549423,0.2544660160097052,0.6352951965947511
1993.0,0.05495727444661207,0.035521064103656824,0.011207252624538895,0.2553756341786692,0.6370533712810312
1993.25,0.05511194011706084,0.03576424630539101,0.011231896212629024,0.2572698724667515,0.6388228096956312
1993.5,0.055205777518002895,0.03599465709660483,0.011122217479778545,0.25724973620181096,0.6405493887466979
1993.75,0.05578177720698888,0.0362082193237294,0.011518794654526435,0.2583872396922008,0.6420952984044468
1994.0,0.05614301561870351,0.03646178016062284,0.011719654457596686,0.25914036307882327,0.6439673981791707
1994.25,0.0567192759429222,0.036653531609819844,0.012172344877679429,0.2622712596822548,0.6459812181143795
1994.5,0.056864832062344974,0.036865672900944925,0.012052436416390288,0.2638640194244909,0.648405090187581
1994.75,0.05732947372798128,0.03711632049580539,0.012366770129346682,0.26373821031983463,0.6506815117952354
1995.0,0.05734767986504493,0.03706975670467721,0.012461350463154055,0.26446581155148047,0.6532558706472685
1995.25,0.057333004659425695,0.03731153406138856,0.012209136616344476,0.26355072678698493,0.6558788940300366
1995.5,0.057630364315707255,0.037494471605119255,0.01207918934434412,0.2647819629782788,0.6581694323027392
1995.75,0.05782399833100891,0.03761145185220918,0.012211199719180936,0.26391600436158613,0.660219740677638
1996.0,0.058049974558266944,0.03785134161036974,0.01233650157910316,0.26269984875894126,0.662272052593148
1996.25,0.05880192475501296,0.03821505088880401,0.012708884086586183,0.2645849115791313,0.664345129157599
1996.5,0.05910885413562273,0.038341446731317966,0.013050908704799092,0.2658502356867323,0.6667221317899732
1996.75,0.059500808757249626,0.03855963168783757,0.012998160760409829,0.26701108840917204,0.6694052467180315
1997.0,0.05966532294807375,0.03876376156086724,0.013140176046315847,0.2673874284987891,0.6720267927310944
1997.25,0.060439742969085344,0.038817791326296605,0.013580881353237503,0.2680120412364107,0.6747854404110304
1997.5,0.06097626615409128,0.03927097478793193,0.01377300605719828,0.2683109800428777,0.6779737295519506
1997.75,0.0612804175332557,0.03959298057183613,0.013815140700030796,0.2686129482241656,0.6813344503836488
1998.0,0.06167995815598648,0.03980070277676011,0.014216105901007395,0.2693077961952472,0.6847117664708371
1998.25,0.06203581901769965,0.0403389242810476,0.014087098977124134,0.26984254768543786,0.6884559966183512
1998.5,0.06260074119215137,0.04067766766779671,0.014384098600419797,0.2692680540838019,0.6920255780305307
1998.75,0.06338958967511744,0.04111554802279781,0.014640076583268135,0.2710857437553955,0.6958398538928389
1999.0,0.06376516565866872,0.041341975609742995,0.014973883850678849,0.26970280794043644,0.6998500173123319
1999.25,0.06407728315843157,0.04190991083471983,0.014871124371882198,0.2709876299980216,0.7041411348138233
1999.5,0.06470669976501196,0.042319895708606683,0.015122032580512526,0.27115812186733196,0.7082880777122624
1999.75,0.06554874920592584,0.042818095637023025,0.015475769020856327,0.27170404536792897,0.712659776505037
2000.0,0.06557125527088394,0.043387025601631775,0.015339052714322607,0.2724574022275484,0.7173653875530436
2000.25,0.06655067282761193,0.0435884463089399,0.01598612529269613,0.27225303556985386,0.7219038744755542
2000.5,0.0664067292783353,0.04389277527324942,0.015743336938202995,0.27094421181596806,0.7270474751866616
2000.75,0.06659232225975563,0.04414885100023545,0.015706940016347013,0.269238961889501,0.73188850609289
2001.0,0.06616554271229218,0.04420606275107131,0.014990935928493519,0.2686073667439465,0.736632521089658
2001.25,0.06637273114878783,0.04409976717664707,0.014978801834519691,0.2660930212915991,0.7406268155201151
2001.5,0.06590801389672987,0.04396971030914863,0.014604399760987569,0.26352711073864404,0.7446146549310257
2001.75,0.06589874701638329,0.04442914848515444,0.01405910076921816,0.2611384084657069,0.7482654670259018
2002.0,0.06626818390109288,0.04435525246586698,0.014425410184188407,0.2586745859761912,0.7514289534529233
2002.25,0.06649745193237394,0.044634872260054394,0.014485852041382757,0.2590461557466418,0.7549750269678586
2002.5,0.06659086143954375,0.04484521103661308,0.014430376274443116,0.2580656733819727,0.7585313528669868
2002.75,0.06649120314319934,0.04492058442606847,0.014408574406720356,0.2574698283326544,0.7619202184163066
2003.0,0.06664967213829129,0.04513539561052072,0.014418518458968924,0.2554553928256244,0.765131716670589
2003.25,0.06703947975041866,0.04540181343892407,0.014404198011459653,0.2535863885349328,0.768218885447355
2003.5,0.06794673200918482,0.04594290983276151,0.014764459635145165,0.2536974535580555,0.7711944108811728
2003.75,0.06852441970368314,0.04606303057494189,0.015155895193127523,0.25395488630952645,0.7744684407628938
2004.0,0.06870223216360206,0.04637659540775653,0.015144537654131667,0.25418649522487485,0.778095969669333
2004.25,0.06902434881284976,0.046425934465573034,0.015647266210994742,0.2536580850950761,0.7816716733866937
2004.5,0.06946817100493105,0.04676260427629327,0.015854301687266655,0.2540526499363366,0.78570359249515
2004.75,0.06996468148773857,0.04718567730028555,0.01612511193935169,0.2538795750142197,0.7898849167390022
2005.0,0.0705271714655581,0.04724024202739835,0.016503822563266296,0.2543092332561959,0.7942770947573152
2005.25,0.0706626766305557,0.04757893935374069,0.01633167126060338,0.25451073940645225,0.7990061532800925
2005.5,0.07100811491383252,0.04791321887776401,0.01647017658703109,0.25491838132928196,0.8035449769239211
2005.75,0.07120049113941998,0.04785437106024436,0.01693569451209218,0.2547221063155604,0.8082333319158478
2006.0,0.07196313307361597,0.048155580886329194,0.01719509173270515,0.2562902437065832,0.813418545993944
2006.25,0.07196357584029237,0.04828285804604715,0.017063229235428735,0.25664246204535013,0.8188953485669901
2006.5,0.07189559088871605,0.04848492067867626,0.0168954784762108,0.2568709104562216,0.8242728316469526
2006.75,0.072346432486214,0.04857961663575599,0.016682476510417644,0.2576365529272753,0.8295201650837417
2007.0,0.07240646482468516,0.04875504283230027,0.016495484902201388,0.25662322347508626,0.8345913901721981
2007.25,0.07269828763810796,0.048855843317701896,0.01660138881168399,0.25723237202419535,0.8394872416920157
2007.5,0.07296944864755582,0.04909207184459124,0.016443260597446812,0.2563679963329133,0.8444682397005131
2007.75,0.07328072222843654,0.049486777156099955,0.016188696021923868,0.25589420206538505,0.8492351955838499
2008.0,0.07282058689753197,0.04953780124758657,0.01572297704073729,0.25485315816106446,0.8536686126672939
2008.25,0.07310573396606118,0.04981611261516132,0.015580312724442907,0.25369235529061146,0.8575705430061037
2008.5,0.07257533281497341,0.049486448016984715,0.015275854260528908,0.2511654452913793,0.8612876160155268
2008.75,0.07084604538735619,0.048046113153358175,0.014303450907221283,0.24593958474860939,0.8646778761517208
2009.0,0.0699064587233848,0.047545865481575675,0.01286104464105162,0.24010563379163288,0.8670900658400759
2009.25,0.06964853282130869,0.047488187237620466,0.012156837848804695,0.23539171946091073,0.8680548660380493
2009.5,0.06976032854874425,0.04798822691882735,0.012004344713368434,0.23251215483585597,0.8683091366247749
2009.75,0.07037925040051841,0.048060352337158115,0.012675946948884536,0.23172286317425345,0.8683936331326787
2010.0,0.07058366957323081,0.0482927531533575,0.01277059870149532,0.23203254996830078,0.8691343898690179
2010.25,0.07113481173653613,0.048474302141464455,0.013280959417264565,0.23433534827067345,0.8700304974316835
2010.5,0.07156513238950887,0.048685375582774214,0.013639939458165832,0.23346459794231067,0.8715991478687822
2010.75,0.07184530345070064,0.04894800984787285,0.013542840409079772,0.23391244618290818,0.8737847030427593
2011.0,0.07160771550375261,0.049249305484761294,0.013272126761145192,0.2341690974326871,0.8761884881834127
2011.25,0.07204492546957109,0.04942534846580752,0.013585260930422432,0.2359734314216985,0.8785385454608883
2011.5,0.07199063877183647,0.04948090756710423,0.013608717326557752,0.23607475178432177,0.8812827057699546
2011.75,0.07275829167949985,0.049643045260417594,0.014420184846907602,0.23764850761858483,0.8839895322396177
2012.0,0.07331618919706748,0.05000336110244664,0.014575767447987564,0.23863724397831979,0.8873396860010079
2012.25,0.07358118423981909,0.0499635486960105,0.014818560594688453,0.23877737417251607,0.8906847953529949
2012.5,0.07361896108479861,0.04988994622388547,0.014722162810302768,0.24059520009477492,0.8941582608516115
2012.75,0.07363382217315746,0.05007018329680203,0.0145696180830389,0.24055165090060832,0.8974661695830414
2013.0,0.07429027660155363,0.05032503557528732,0.014929753012607017,0.2411565951347274,0.9005905359445455
2013.25,0.07441926570952072,0.05033896237298485,0.015035259521897819,0.24135593167880257,0.9040381873883147
2013.5,0.07498121755001978,0.05045539824479426,0.01546524281425361,0.24223466006161085,0.9075318302361428
2013.75,0.07555980355927308,0.0507682471539836,0.015551207401814534,0.2431106045024656,0.9113760994643623
2014.0,0.075220500037717,0.050937979091189335,0.015371638270629187,0.242781550643332,0.9152105317225556
2014.25,0.07611014594003762,0.051311166060347,0.01592295558705637,0.24515508256090707,0.9187849340676818
2014.5,0.07695140725377768,0.05169123839619727,0.016218183103746682,0.24631522268040953,0.9228546652517182
2014.75,0.07725753182384133,0.05210961739500927,0.016344174561904727,0.24843068053983344,0.9271796306561484
2015.0,0.07787241297871929,0.05224866024464001,0.016795216229553822,0.2495061741433571,0.9316093785748212
2015.25,0.07827811524749362,0.05251778491099219,0.016802570287244887,0.24965111038226304,0.936487701396488
2015.5,0.07852078470707438,0.05283680613390579,0.016817828062591696,0.24957670454246234,0.9413858672611382
2015.75,0.07860282295332485,0.05297008071860166,0.016674099499491876,0.25085033644292964,0.9463320265793275
2016.0,0.0790039966484562,0.05340510805345624,0.016602421999469447,0.2516631325266972,0.9511780339816509
2016.25,0.07920974063539443,0.05361357648624641,0.016479816818767517,0.2520629466390754,0.955970652571636
2016.5,0.07972686579134058,0.05400382377056351,0.01649369077542258,0.2529666358168699,0.9606232981197694
2016.75,0.08012420275955495,0.05423769869981291,0.016861471892296073,0.2521340934392973,0.9652372997618558
2017.0,0.0804690990564136,0.05466410283042643,0.01680449575728226,0.25305563494919364,0.9701565565272166
2017.25,0.08088186342805202,0.05487672460723995,0.017091597382648992,0.2545401841121648,0.9750507380488583
2017.5,0.08149978533567621,0.05514712190465159,0.017312498810905217,0.25456195388814323,0.9803906435737535
2017.75,0.08242720998101107,0.05574683597691907,0.017603514860463874,0.2565559958573508,0.9862334927888575
2018.0,0.08313759961103609,0.05621316852697104,0.017823761694991905,0.2577067374171556,0.992668702898503
2018.25,0.08361609622934213,0.056437522896846684,0.017853134670616975,0.2592922309136671,0.999215863608925
2018.5,0.08412863367712432,0.05663739017798504,0.018320359126857796,0.2604855957265677,1.0051635525718476
2018.75,0.0841490158454483,0.05671867595578119,0.018263304727579942,0.2606689200920699,1.0104293326677403
2019.0,0.08446074119939243,0.0566103722840633,0.018462250838941197,0.2601438016579592,1.0141967342833909
2019.25,0.08488837415504032,0.056930919247459494,0.018530521674199624,0.26031705410490524,1.0173552950995954
2019.5,0.085609171853346,0.05734938376222853,0.01860742898197162,0.260508856215677,1.0206259046067092
2019.75,0.0859977252187752,0.05764114887272453,0.0182893900630696,0.2597739999739095,1.0248561034423092
2020.0,0.08479929651010618,0.05654172454998321,0.017990513278664442,0.2563531053254899,1.0302375521757867
2020.25,0.07814487107140511,0.051657153063443956,0.015997573944516386,0.2249058466056031,1.0363955443064727
2020.5,0.08427869525179164,0.05622299743058149,0.018368250232426758,0.2414806851290071,1.0409958328797322
2020.75,0.08529174067030665,0.056957849720823184,0.018916719171675086,0.2462433029933151,1.0477817815021502
2021.0,0.0864897677729372,0.05817445501646319,0.0186246820699211,0.24822519869232004,1.0544184021911545
2021.25,0.08793259382123876,0.06016183801403966,0.0182953161496501,0.25162317139825935,1.0602417534709625
2021.5,0.08862095495898545,0.06053093963385791,0.018799295992925968,0.25439243201909245,1.0655718430095802
2021.75,0.09012558359524446,0.061073895778482636,0.019866680776533304,0.2577032920184901,1.0716004837536532
2022.0,0.08991988658825632,0.061069884521684444,0.02023652534540396,0.2588883902851869,1.079101576948623
2022.25,0.09009569006149123,0.061337864873445225,0.019855265423162436,0.26027173908994866,1.0870193501966254
2022.5,0.09075165362887529,0.06165749380911087,0.01968353630254501,0.2622171665881416,1.0941067223714878
2022.75,0.09131260447842893,0.06177675720231009,0.019994572795340598,0.2623488895165426,1.1000830616903248
2023.0,0.09180782157021884,0.062361318708462975,0.019644036138521944,0.26317804320992505,1.1050932841584509
2023.25,0.09214033242235282,0.06256402757182737,0.019841264754591956,0.26293661407066676,1.1087537261963727
2023.5,0.09291485606932848,0.06275501485309962,0.02008946372161512,0.2625544665665296,1.1120515306606453
2023.75,0.09340221256982874,0.06305934697058226,0.020287589440517236,0.26205558889019037,1.1154647318999242
2024.0,0.09332285168634456,0.06320690284804562,0.020064355850727196,0.2611913619946606,1.1192787345942286
2024.25,0.09389352990750845,0.06364176445992321,0.020377828896336287,0.26107798469211557,1.1230689795229687
2024.5,0.09442525879002586,0.06409682706957792,0.02046233244722552,0.26131755208882185,1.127288921107041
2024.75,0.09462379639554028,0.06456680147728802,0.02011799407961409,0.260726397165262,1.1316220286441827
