year,log_z,tau_h,tau_x,log_g,log_z_linear,tau_h_linear
1948.0,-5.3212772360468845,0.5483175926766569,-0.1937570964738495,-7.154573070994968,-5.3212772360468845,0.5452115596965149
1948.25,-5.306534360580639,0.5499699689825903,-0.19807144638315005,-7.1907208265514955,-5.306534360580639,0.549019065502474
1948.5,-5.318027178259172,0.5507882711285106,-0.21622311687596,-7.1921863488455475,-5.318027178259172,0.5488057055770178
1948.75,-5.322432805334283,0.5530990652634913,-0.2152566703482763,-7.180950799121478,-5.322432805334283,0.5513454933739095
1949.0,-5.342372226021541,0.5547444335395794,-0.19563476060035073,-7.112359777756621,-5.342372226021541,0.549868703596597
1949.25,-5.349019872110924,0.5554317789169356,-0.1827213633294715,-7.097673774355197,-5.349019872110924,0.5494077201302433
1949.5,-5.325673672888728,0.5722270575143075,-0.21127134252048627,-7.140178761109456,-5.325673672888728,0.5734736233835425
1949.75,-5.337233310869032,0.5715943180376121,-0.21505925805276302,-7.206428044494541,-5.337233310869032,0.5765470690599441
1950.0,-5.2869296393787835,0.5819723770990017,-0.22572528763508873,-7.227563630667992,-5.2869296393787835,0.5906720277579398
1950.25,-5.267109926101675,0.5774361295028331,-0.22365460095204637,-7.244700270306152,-5.267109926101675,0.584424907107468
1950.5,-5.2443402726879675,0.571893947927747,-0.2355379622331446,-7.348243528930953,-5.2443402726879675,0.5759090074221663
1950.75,-5.239194799443469,0.577372669900072,-0.24702812859866224,-7.272242729729222,-5.239194799443469,0.5777941273647629
1951.0,-5.251019660403618,0.5646014141914186,-0.22772579478646457,-7.176931975185314,-5.251019660403618,0.5605197655772375
1951.25,-5.2466216679473785,0.5677856691460257,-0.2230792729993892,-7.066251464003287,-5.2466216679473785,0.5585807054296341
1951.5,-5.221702793243319,0.5723238313121071,-0.19164809089623097,-6.94928093366079,-5.221702793243319,0.559553031408156
1951.75,-5.231525465878493,0.5686784117255321,-0.18204818335622486,-6.922698608796575,-5.231525465878493,0.5540775341998284
1952.0,-5.228874631099129,0.5694014645087153,-0.1821289880085038,-6.909698096270382,-5.228874631099129,0.5538225704582921
1952.25,-5.231953028037321,0.5648778574354982,-0.1598390924245107,-6.8865301370424685,-5.231953028037321,0.5482554682047882
1952.5,-5.234245020022494,0.5620782345100095,-0.16432356137006962,-6.913132572396821,-5.234245020022494,0.5469543825824006
1952.75,-5.211000781736887,0.5588475778116133,-0.1617954514373953,-6.907126991348546,-5.211000781736887,0.5423362478013991
1953.0,-5.196052491308908,0.5612806235781767,-0.15947000084710783,-6.892786411925288,-5.196052491308908,0.5441790141812174
1953.25,-5.193709359819761,0.5630388395418546,-0.159098698754688,-6.887548123138166,-5.193709359819761,0.5461481038996745
1953.5,-5.206937204095194,0.5648758364153847,-0.16667001231094097,-6.905406179971007,-5.206937204095194,0.5497871018673327
1953.75,-5.229344118344429,0.5665919946310813,-0.16354397649397262,-6.8934110444095245,-5.229344118344429,0.5515520241054951
1954.0,-5.237832851467709,0.5658732105810135,-0.16640893588487735,-6.938332380514814,-5.237832851467709,0.5546007607453556
1954.25,-5.233194616456034,0.5705552629677011,-0.16797557459998516,-6.964108200876838,-5.233194616456034,0.5628079740868379
1954.5,-5.221157906572901,0.5730495068287046,-0.16471383017724123,-6.9701430739614505,-5.221157906572901,0.5668821910752272
1954.75,-5.20915189628584,0.5722581106302,-0.16388662430040782,-6.964804611147195,-5.20915189628584,0.5654377705810312
1955.0,-5.188864079972508,0.5733502750352146,-0.17026712013692094,-6.964475264677153,-5.188864079972508,0.5656732006854981
1955.25,-5.182040047936649,0.5732207254537207,-0.17914113314512753,-6.993558561619114,-5.182040047936649,0.5662179134696202
1955.5,-5.185907892365972,0.5705546646316353,-0.18019406543779323,-6.965329042348454,-5.185907892365972,0.5604294872219131
1955.75,-5.199012604840926,0.5625251283235337,-0.18396502343646523,-7.000442632670033,-5.199012604840926,0.5525570647961551
1956.0,-5.214809099801498,0.561339164121083,-0.18834798994410046,-7.011783034581721,-5.214809099801498,0.5522975807148223
1956.25,-5.2156728626521405,0.5624549765961517,-0.18379968999596275,-6.971194187043418,-5.2156728626521405,0.551539486260341
1956.5,-5.226655373725837,0.5634027599744112,-0.1943103107987001,-6.997734512495281,-5.226655373725837,0.5540134047338591
1956.75,-5.211455873493306,0.5674044341115286,-0.18444194519480459,-6.954574480913348,-5.211455873493306,0.5567871338177843
1957.0,-5.2101262002604845,0.5729530907484938,-0.18862521345410665,-6.935530201964894,-5.2101262002604845,0.5620887411832425
1957.25,-5.220794229639479,0.5741106299641829,-0.19461123859315022,-6.952988417187538,-5.220794229639479,0.5648996053490567
1957.5,-5.218568291094667,0.5726667080922914,-0.19113294621747748,-6.959538479799071,-5.218568291094667,0.5640151054531362
1957.75,-5.225746883447741,0.5780508690333002,-0.18115305317148309,-6.945906246524979,-5.225746883447741,0.5714594167359623
1958.0,-5.253413452534462,0.5834498494288215,-0.19394533153007446,-7.001038074186808,-5.253413452534462,0.5823285151858173
1958.25,-5.245793369908349,0.5859323976967981,-0.18149464359769926,-6.981186778084082,-5.245793369908349,0.5847456843297267
1958.5,-5.2245735953015044,0.5886608795549104,-0.1850753876156144,-6.983798667779455,-5.2245735953015044,0.5886334677835718
1958.75,-5.210945792916388,0.5897418688086415,-0.19616519077900568,-6.9913595905863515,-5.210945792916388,0.5894768810488317
1959.0,-5.2025450424325195,0.5862013869704477,-0.1996472237648864,-7.024541572281229,-5.2025450424325195,0.5863197049315069
1959.25,-5.198071832804587,0.5796994819596597,-0.19985203109155716,-7.032287138151627,-5.198071832804587,0.5772872509714257
1959.5,-5.199420324290576,0.5810026134547474,-0.18847373722598112,-7.007998326391785,-5.199420324290576,0.5793316423593047
1959.75,-5.206799890806977,0.5775619320954639,-0.18587999430315744,-7.022381752598089,-5.206799890806977,0.576325000124124
1960.0,-5.180735397269075,0.5868498576846789,-0.19597619350080564,-7.0285982804431395,-5.180735397269075,0.5872641218791754
1960.25,-5.209895113099334,0.5741404131281892,-0.18289910965362569,-7.016419321456926,-5.209895113099334,0.5718057796637988
1960.5,-5.2134436696795206,0.5778079312581672,-0.1862740495286938,-6.9858303109736335,-5.2134436696795206,0.5741819556843981
1960.75,-5.235219353583491,0.575902486459311,-0.17157137822385665,-6.963665406806102,-5.235219353583491,0.5711708573765503
1961.0,-5.231754234592641,0.5791144472886127,-0.176522744879988,-6.984092455639298,-5.231754234592641,0.5767827485946908
1961.25,-5.205065292951227,0.5898379520913923,-0.17775781924863351,-6.985758175555654,-5.205065292951227,0.5914289900332399
1961.5,-5.1927652883679905,0.5952761878383683,-0.1900909235156654,-6.986776275365604,-5.1927652883679905,0.5977669003807747
1961.75,-5.185359462192414,0.5935599173083126,-0.1877732913222452,-6.979691865410052,-5.185359462192414,0.5947971082703744
1962.0,-5.180850902753021,0.5929802870490763,-0.18933970824178284,-6.966869558041543,-5.180850902753021,0.5925309295159775
1962.25,-5.1841138019631465,0.59042225572396,-0.18398995778038504,-6.955746185695586,-5.1841138019631465,0.588822892487511
1962.5,-5.173185936399891,0.5952663208722759,-0.18345376232462315,-6.946427189301868,-5.173185936399891,0.5947653468234472
1962.75,-5.173479699094456,0.5968323447583341,-0.1817591170648891,-6.959135246515679,-5.173479699094456,0.5984702751353775
1963.0,-5.171704355980832,0.5992414267444579,-0.18907959692660775,-6.960631439920708,-5.171704355980832,0.6011276644456114
1963.25,-5.170959336819644,0.5998651878794033,-0.1914628908806727,-6.95527458717837,-5.170959336819644,0.6012657551469298
1963.5,-5.150118762775865,0.602345637262061,-0.18374640549689716,-6.942435221261544,-5.150118762775865,0.6041867820345581
1963.75,-5.155980784785381,0.6033381563957008,-0.18843838324070633,-6.93266585212884,-5.155980784785381,0.6044123540450146
1964.0,-5.1427456468289385,0.6018353575708935,-0.1805819016014652,-6.923150031872258,-5.1427456468289385,0.6020253998797594
1964.25,-5.147827183556043,0.5958465050732793,-0.17666737999927717,-6.933110365443808,-5.147827183556043,0.5950128416664412
1964.5,-5.13948229524005,0.5951467641031503,-0.17044385277329205,-6.92598668773656,-5.13948229524005,0.5940651640251547
1964.75,-5.153016245534289,0.5913798242962671,-0.17333190070396204,-6.937529867117363,-5.153016245534289,0.5898538518908498
1965.0,-5.138455376242245,0.5930367510280672,-0.1839881127574524,-6.962591849137947,-5.138455376242245,0.5917644915792313
1965.25,-5.141443231945224,0.5886792265436439,-0.17636826001232445,-6.940080572641038,-5.141443231945224,0.5852577869215478
1965.5,-5.119711095679659,0.5930532190607282,-0.17020766085588565,-6.921591014045964,-5.119711095679659,0.5900074058888868
1965.75,-5.107430234674438,0.589021891075312,-0.15509411988175933,-6.894202160505014,-5.107430234674438,0.5838638519651994
1966.0,-5.09513642817886,0.589014414540423,-0.16027209619100852,-6.905251519280282,-5.09513642817886,0.5829608092353963
1966.25,-5.110487238307053,0.584002644599876,-0.15569179207776007,-6.885683151641554,-5.110487238307053,0.5763234794127681
1966.5,-5.115344544616052,0.584101592467216,-0.15881119086414455,-6.877869519615635,-5.115344544616052,0.5757123584261773
1966.75,-5.117867453998269,0.5861906299714787,-0.16375527800000292,-6.872659359017952,-5.117867453998269,0.5776954585920447
1967.0,-5.120108097026357,0.586135400109293,-0.15511303663990006,-6.830943229208153,-5.120108097026357,0.5755373554626616
1967.25,-5.125848304749264,0.5881677904971462,-0.15403924478882022,-6.829847150599548,-5.125848304749264,0.5788928872307391
1967.5,-5.128607512829879,0.5882456835747516,-0.15891315262842073,-6.833576633057251,-5.128607512829879,0.5788459541531884
1967.75,-5.133257196854665,0.5893058902915929,-0.16463422523107968,-6.831439199384798,-5.133257196854665,0.5795384096017103
1968.0,-5.114813195361027,0.5915986698070721,-0.15677843040749823,-6.8189740721891425,-5.114813195361027,0.5822017061970928
1968.25,-5.1085673466994015,0.5902528606867642,-0.15452096721393854,-6.817840659464315,-5.1085673466994015,0.5803882358416486
1968.5,-5.1149487783073475,0.5859521362794134,-0.14890604015427572,-6.8151896360408495,-5.1149487783073475,0.5753717634788941
1968.75,-5.124377459196884,0.5862241699326032,-0.15543759353847653,-6.81934104084477,-5.124377459196884,0.575644950573086
1969.0,-5.1238134328233365,0.584228997433311,-0.16366255521230536,-6.840846437824042,-5.1238134328233365,0.5736225629511991
1969.25,-5.134104910162623,0.5825835868771925,-0.16094548698799982,-6.829649908771335,-5.134104910162623,0.5713584313553912
1969.5,-5.139232740455329,0.5833515465346861,-0.1632690082236263,-6.822274070714956,-5.139232740455329,0.5716602048588523
1969.75,-5.156188623654487,0.5811852070226342,-0.15743482371684123,-6.817106895054916,-5.156188623654487,0.5694860199792348
1970.0,-5.161925940396907,0.583483326408903,-0.1547941727221345,-6.8226305598195855,-5.161925940396907,0.573474601007076
1970.25,-5.162983741412105,0.5897469493427976,-0.1618360370420956,-6.829905427325193,-5.162983741412105,0.582005051499582
1970.5,-5.150222991002727,0.5958655022460129,-0.15942351752884348,-6.832834161658309,-5.150222991002727,0.5909783943610947
1970.75,-5.172536448295136,0.5938279359979204,-0.1556747324190131,-6.84469964726979,-5.172536448295136,0.5893433155534846
1971.0,-5.141905132429535,0.6060683069375417,-0.17078241293535498,-6.831151694177353,-5.141905132429535,0.6039696801298111
1971.25,-5.146799687675519,0.6068036245490409,-0.18099328147693333,-6.8588632842130695,-5.146799687675519,0.6067035113140116
1971.5,-5.143416862124479,0.6104395352136938,-0.18469736636010445,-6.862170958947168,-5.143416862124479,0.6118910635965649
1971.75,-5.155647537966722,0.606371492959225,-0.18325600374353548,-6.876269234134584,-5.155647537966722,0.6076794733778355
1972.0,-5.151418508292456,0.6057122952491292,-0.18735841937376752,-6.868190349608178,-5.151418508292456,0.6052579329840622
1972.25,-5.13079917585905,0.607805055544977,-0.18404882123512795,-6.872106524421375,-5.13079917585905,0.6085814182399603
1972.5,-5.133205433220674,0.6053366074594676,-0.18375597549371342,-6.885738437222726,-5.133205433220674,0.6063729976543479
1972.75,-5.12502179363844,0.6043762222813636,-0.18134828611800008,-6.891785325354597,-5.12502179363844,0.6055537233735265
1973.0,-5.108830841797838,0.6057310938792294,-0.18249277236910766,-6.886679206790354,-5.108830841797838,0.6060211319546733
1973.25,-5.112910934578402,0.6043946962313604,-0.1843990821747146,-6.878912820697303,-5.112910934578402,0.6032627204391344
1973.5,-5.138909265912404,0.5987433879919721,-0.18490268926555953,-6.881315462444681,-5.138909265912404,0.5965562027251707
1973.75,-5.138302674763062,0.6014272135042522,-0.1890467687996033,-6.872971741864404,-5.138302674763062,0.5991092146871707
1974.0,-5.164795487380918,0.5964266994804879,-0.188607795575131,-6.882652353639062,-5.164795487380918,0.5938980755726033
1974.25,-5.167514892180846,0.5983251769253384,-0.19859007018238248,-6.929908676328127,-5.167514892180846,0.59966360415681
1974.5,-5.1926767335795905,0.5969301238429292,-0.20671950402896808,-6.9473544010890205,-5.1926767335795905,0.5989150764484528
1974.75,-5.199248650189635,0.6049849848809208,-0.21068514506232414,-6.918118287454876,-5.199248650189635,0.6076871681459759
1975.0,-5.205355793495539,0.6128890320401317,-0.19107312205712162,-6.868316000635765,-5.205355793495539,0.6156353057229709
1975.25,-5.197173999439942,0.6156338259723055,-0.17826027298145194,-6.852903013892409,-5.197173999439942,0.6186032774308945
1975.5,-5.184261969083552,0.6179083307977349,-0.19372268169111995,-6.8922624625901605,-5.184261969083552,0.6253064945672355
1975.75,-5.184361062258067,0.6159011294232151,-0.19684589509949668,-6.894148990823291,-5.184361062258067,0.6221517282364513
1976.0,-5.170977915753504,0.6144206581529463,-0.20601385942745665,-6.934270614215712,-5.170977915753504,0.6225868921381554
1976.25,-5.171082291689861,0.6153947565393311,-0.21236902562964782,-6.958301035949986,-5.171082291689861,0.6253777814650456
1976.5,-5.176385257059036,0.6124998632769932,-0.21209453163934283,-6.982737250046272,-5.176385257059036,0.6232137903474824
1976.75,-5.181364619239991,0.6101172358234044,-0.2121534705401071,-6.992024172409074,-5.181364619239991,0.6204613608477241
1977.0,-5.17824634591483,0.6097383996482337,-0.22184704672121075,-7.040999105470246,-5.17824634591483,0.6221018589657349
1977.25,-5.1774960378949455,0.6065878309640511,-0.2273730142954362,-7.040705896655024,-5.1774960378949455,0.6160567595507634
1977.5,-5.169011413494664,0.6063400187872909,-0.22634648796463322,-7.037492800414789,-5.169011413494664,0.6149689517124569
1977.75,-5.188859394101254,0.6012774207655394,-0.23350973916257745,-7.0680777650260955,-5.188859394101254,0.6094706454851028
1978.0,-5.199060360537692,0.5971244725136602,-0.2342725633010511,-7.102104681629064,-5.199060360537692,0.6060175557846466
1978.25,-5.174693031112858,0.5955557731841388,-0.22809632853464432,-7.056990716957664,-5.174693031112858,0.5995298386805383
1978.5,-5.178381124924599,0.5941198691337362,-0.2318536811290098,-7.065241282258393,-5.178381124924599,0.597454531737429
1978.75,-5.177043562974345,0.5942509491011436,-0.2338271852538857,-7.052429416589903,-5.177043562974345,0.5962677996753756
1979.0,-5.190919656054971,0.5900637942818933,-0.2339595659029387,-7.056434712866988,-5.190919656054971,0.5916970727840232
1979.25,-5.20171746538327,0.5881312402714924,-0.238151656959302,-7.079317013862162,-5.20171746538327,0.5905534217842012
1979.5,-5.210572372884101,0.5823527779301064,-0.23693961253414214,-7.089527798428275,-5.210572372884101,0.5836648904078311
1979.75,-5.220196858443452,0.5774937584696338,-0.2314864397214422,-7.095288577503959,-5.220196858443452,0.5789185834287893
1980.0,-5.222131478219073,0.5781645712425714,-0.23151889953375893,-7.112155083715054,-5.222131478219073,0.5811314887161394
1980.25,-5.253424625469868,0.581060853735192,-0.22773831766305516,-7.0444950106409605,-5.253424625469868,0.5832524865424877
1980.5,-5.25978725584124,0.581140580875172,-0.21701053608504137,-7.019882808216877,-5.25978725584124,0.5826399609150241
1980.75,-5.250501187268888,0.5793088558782459,-0.22462893144131713,-7.0535792762863885,-5.250501187268888,0.5815402728795833
1981.0,-5.231714290031233,0.5865768352521428,-0.23777596706191872,-7.066953772097335,-5.231714290031233,0.5900672064141491
1981.25,-5.250431331933163,0.5851601433330851,-0.2368058710400817,-7.058363756049756,-5.250431331933163,0.5885701151636364
1981.5,-5.240561886578528,0.5917168818640131,-0.24652034626708175,-7.055048499639579,-5.240561886578528,0.5959065732907198
1981.75,-5.264757732238559,0.589230734227471,-0.24989091221941725,-7.0667464035152685,-5.264757732238559,0.593822966861514
1982.0,-5.28116590382097,0.5916206676212088,-0.243948455649782,-7.067141295697544,-5.28116590382097,0.5983119500927185
1982.25,-5.288941083630901,0.5906810787819979,-0.2459020718502816,-7.048308584190835,-5.288941083630901,0.5953576126389362
1982.5,-5.295766979156644,0.5898618312268813,-0.246350141831964,-7.092043488076718,-5.295766979156644,0.5973037018756457
1982.75,-5.296321414377306,0.5881458954566432,-0.22841021960662386,-7.084082218467336,-5.296321414377306,0.5953227350261072
1983.0,-5.287804760856232,0.5874048513276209,-0.22202722435486963,-7.0724872202124685,-5.287804760856232,0.5937679434566736
1983.25,-5.267355543367185,0.5871229931694941,-0.22528552932586746,-7.105356486540008,-5.267355543367185,0.5953538655738164
1983.5,-5.261620120382401,0.5792203452189013,-0.22249801442316935,-7.1343996209818075,-5.261620120382401,0.586173161586609
1983.75,-5.249025761250752,0.5784683648863505,-0.232361021900817,-7.18154866455428,-5.249025761250752,0.585904556538657
1984.0,-5.243935531807113,0.5762068050975835,-0.2432341732020995,-7.218945982056852,-5.243935531807113,0.5821039358698717
1984.25,-5.238300184221026,0.5722731516158415,-0.23825406856224957,-7.214674946720558,-5.238300184221026,0.5765261431553311
1984.5,-5.238184853150783,0.5714210909398338,-0.23754846171079644,-7.206878415026724,-5.238184853150783,0.5751159846599961
1984.75,-5.240180203077072,0.569707367123156,-0.2358089857529368,-7.20062315914885,-5.240180203077072,0.5729324718759403
1985.0,-5.24164162063413,0.5642847364713318,-0.22238037951330034,-7.171099492922958,-5.24164162063413,0.5663824558457333
1985.25,-5.243284313175204,0.5614548986776853,-0.22359060797806016,-7.199675608351301,-5.243284313175204,0.5636808905912963
1985.5,-5.234044011206515,0.560208845135671,-0.2154152581437669,-7.184504984213595,-5.234044011206515,0.5619333029278751
1985.75,-5.236497932485133,0.5577962369353915,-0.2161104374809805,-7.207111639038827,-5.236497932485133,0.5596668700721278
1986.0,-5.231513600975532,0.558746700026767,-0.21226251963065718,-7.196543447320028,-5.231513600975532,0.5608422860584754
1986.25,-5.234126462017631,0.561275979433686,-0.2170181208513479,-7.186428237725318,-5.234126462017631,0.5634033927443707
1986.5,-5.2340428338257965,0.5602329828361181,-0.21856758228411416,-7.189424012632615,-5.2340428338257965,0.5618340368652247
1986.75,-5.242850305357438,0.5543897594411991,-0.21403306107842326,-7.1843716098995545,-5.242850305357438,0.5550225899653899
1987.0,-5.2519623316811845,0.5453463026268175,-0.20817627750145204,-7.197034477568042,-5.2519623316811845,0.5449478078550729
1987.25,-5.249327853053189,0.542753732978513,-0.2045385746784053,-7.202652917779527,-5.249327853053189,0.5421154525947005
1987.5,-5.251642249355535,0.5397683477018447,-0.2038851418684655,-7.2047954546193145,-5.251642249355535,0.5385550208194119
1987.75,-5.243682856477495,0.5387323890507408,-0.20291412057898597,-7.189508012283019,-5.243682856477495,0.5361638196909757
1988.0,-5.247260748277276,0.534113300892837,-0.1903077860435862,-7.161938225757083,-5.247260748277276,0.5311763547322192
1988.25,-5.248133017767626,0.5282733362940899,-0.18463318738700432,-7.1401746588610875,-5.248133017767626,0.5236603500052102
1988.5,-5.250646233342067,0.5238761550566592,-0.17598725585983716,-7.13715230214097,-5.250646233342067,0.5192612962894942
1988.75,-5.2495393839838185,0.5190280785293688,-0.1722181123912796,-7.128180444524702,-5.2495393839838185,0.5133676205613483
1989.0,-5.252644723684343,0.5146297683418181,-0.17213457253819112,-7.127355293567581,-5.252644723684343,0.5082304718083301
1989.25,-5.2535622101850805,0.5133634347262623,-0.1657424151364238,-7.094738855180058,-5.2535622101850805,0.5059498227771214
1989.5,-5.253753444611463,0.5133582221123909,-0.16353561726298235,-7.079092257372432,-5.253753444611463,0.5053962442097049
1989.75,-5.261861941521848,0.5089473578223742,-0.15756906441270768,-7.084049798103265,-5.261861941521848,0.5012446081017663
1990.0,-5.256254622676803,0.5100812998279025,-0.15759143170940335,-7.084016437385199,-5.256254622676803,0.5024276015301835
1990.25,-5.257840186531373,0.5108786529417431,-0.15028435823754013,-7.05991030640258,-5.257840186531373,0.5026311178846028
1990.5,-5.263749244988617,0.508437637585686,-0.14386896132363666,-7.073188663218349,-5.263749244988617,0.5009013888922699
1990.75,-5.2845293712618195,0.5061254480220889,-0.1398659055707751,-7.067377900116472,-5.2845293712618195,0.49785334928111613
1991.0,-5.293753064737958,0.5125816187498109,-0.13952290729651948,-7.029266024401904,-5.293753064737958,0.5023408068156174
1991.25,-5.284398165518106,0.5178930408707251,-0.13369750124040408,-7.011878256384565,-5.284398165518106,0.5073118557863959
1991.5,-5.284614402206471,0.5204671423815002,-0.13789909237975012,-7.015728384854863,-5.284614402206471,0.5102888007228574
1991.75,-5.2860173136744395,0.5227752205030869,-0.14187895175598056,-7.026261841499562,-5.2860173136744395,0.5133551485286136
1992.0,-5.270780660925694,0.523739563062215,-0.12603034043057876,-7.024019609389,-5.270780660925694,0.5147720639967899
1992.25,-5.265798993210124,0.5239897905241429,-0.13002211617526063,-7.03933947406134,-5.265798993210124,0.5161108503507349
1992.5,-5.257858837403608,0.5251386798871556,-0.12362274936238435,-7.035778695201779,-5.257858837403608,0.517413507472483
1992.75,-5.25473753025428,0.5228689843519426,-0.12212366027092247,-7.049931693836354,-5.25473753025428,0.5157512205804022
1993.0,-5.266586981613655,0.5193217803132452,-0.12890118057731834,-7.0775085059390435,-5.266586981613655,0.5128564011021274
1993.25,-5.275844244484562,0.514019115646172,-0.1326210881017973,-7.096306042113058,-5.275844244484562,0.5076261897798154
1993.5,-5.2794955358959275,0.511807072145145,-0.1294879494497837,-7.104576066925179,-5.2794955358959275,0.505484375568845
1993.75,-5.273791876218317,0.512186939424452,-0.13521721573252407,-7.113756217027749,-5.273791876218317,0.5063791230611582
1994.0,-5.273230703114273,0.5107829431854334,-0.13811893731665223,-7.130342897440737,-5.273230703114273,0.5055111084624355
1994.25,-5.276040092880073,0.5054638544067235,-0.14348361316064842,-7.143894254283827,-5.276040092880073,0.4999750292196502
1994.5,-5.28539086773527,0.4999790718254393,-0.14134695606139033,-7.142112199031781,-5.28539086773527,0.49388708884295823
1994.75,-5.279256233733866,0.5025298254418138,-0.14729954329840095,-7.159769791814539,-5.279256233733866,0.4971882986703394
1995.0,-5.289063341119466,0.4996459265905836,-0.15011162250880472,-7.168526938548992,-5.289063341119466,0.4942600491643425
1995.25,-5.293465295612432,0.4982245612868982,-0.14522209160637478,-7.174020015353146,-5.293465295612432,0.4931079494801583
1995.5,-5.297121745100865,0.4960250645885461,-0.14221409741266408,-7.148169975452387,-5.297121745100865,0.4896839255382154
1995.75,-5.295616275628359,0.4986581784466987,-0.1460776456440353,-7.160015221030861,-5.295616275628359,0.4929125178585112
1996.0,-5.291994558602704,0.5003376511903612,-0.14663504122673782,-7.18251801412331,-5.291994558602704,0.4956469836075437
1996.25,-5.286015004144977,0.4976668719607893,-0.146035984521788,-7.185453639926299,-5.286015004144977,0.49281811634762457
1996.5,-5.290116389564416,0.4949171056783126,-0.15163413279832447,-7.2111163391422455,-5.290116389564416,0.4904775151383095
1996.75,-5.291794152020183,0.4923972788873784,-0.1474684504036708,-7.187134629887197,-5.291794152020183,0.4870751107940332
1997.0,-5.2965196568595605,0.49073953064292053,-0.15242814385266606,-7.215217536042458,-5.2965196568595605,0.4860712180226451
1997.25,-5.286236385312158,0.49347367718808666,-0.15129845176243145,-7.184766839516828,-5.286236385312158,0.4878711918976537
1997.5,-5.281367727771901,0.492594547424151,-0.15102782478557247,-7.2033385118925795,-5.281367727771901,0.48750363040361144
1997.75,-5.282812587735808,0.49054459999954725,-0.15032367110195552,-7.215880554214312,-5.282812587735808,0.4857632357975758
1998.0,-5.283308229288882,0.4886692803222148,-0.15412959248885605,-7.247757946624824,-5.283308229288882,0.4844165641382308
1998.25,-5.28459791170809,0.4850724271015333,-0.1505100834099367,-7.259695328654235,-5.28459791170809,0.4811214211646743
1998.5,-5.276488494637533,0.4872721955611885,-0.15089842259905092,-7.273996097514305,-5.276488494637533,0.4836261850164248
1998.75,-5.271959177450336,0.4860927937021169,-0.15246566691982738,-7.266425596777759,-5.271959177450336,0.48179462752303237
1999.0,-5.266333605814321,0.4884147824931586,-0.15305610263409564,-7.295862731904497,-5.266333605814321,0.48479644618899564
1999.25,-5.27228800453628,0.4822275493389466,-0.15087893555549,-7.321574052210928,-5.27228800453628,0.4789026477323121
1999.5,-5.266342763317107,0.48199255956783404,-0.14901766691580784,-7.330848104813987,-5.266342763317107,0.47869123566868643
1999.75,-5.2569185326168775,0.4799874587900316,-0.1422765826010974,-7.337160629902413,-5.2569185326168775,0.47673220271864636
2000.0,-5.268300802639757,0.47347145183945305,-0.1439930976603552,-7.400241949390836,-5.268300802639757,0.4707062944266234
2000.25,-5.2532084004331345,0.4764682802202378,-0.1401139078013854,-7.38624671922169,-5.2532084004331345,0.4734070990228412
2000.5,-5.261149963813423,0.47473382735337766,-0.1392501356099546,-7.4210953431308955,-5.261149963813423,0.4723783821160396
2000.75,-5.2594810273351955,0.47690138668162496,-0.13748177289428143,-7.431093089878478,-5.2594810273351955,0.4749760903284484
2001.0,-5.276218779834399,0.4746111639396624,-0.1367320348823993,-7.402182574417773,-5.276218779834399,0.4732246384097128
2001.25,-5.2701801157158545,0.4830417550683507,-0.13803461747412338,-7.3614652225808275,-5.2701801157158545,0.48174094164174064
2001.5,-5.279754061360583,0.487801593693567,-0.14359932808743076,-7.360982244247789,-5.279754061360583,0.4869925208881236
2001.75,-5.278652006335584,0.4933777680403346,-0.1451878389688092,-7.355543245859387,-5.278652006335584,0.4930268872749331
2002.0,-5.267935056233069,0.50154749214885,-0.14766477870682498,-7.350153712456207,-5.267935056233069,0.501779397016204
2002.25,-5.271600437213762,0.49828759637977293,-0.1455550670466884,-7.370012041085062,-5.271600437213762,0.49860231840262004
2002.5,-5.273233760879114,0.5001712963054632,-0.14826529769090827,-7.383328319129409,-5.273233760879114,0.5008418231011923
2002.75,-5.2809040710026665,0.49814002798228274,-0.14758043019911748,-7.409448026134138,-5.2809040710026665,0.4991186985292829
2003.0,-5.276703342215415,0.5004150472940688,-0.14287685982263348,-7.423696990990436,-5.276703342215415,0.5020168659699816
2003.25,-5.267412200063181,0.5068601724490658,-0.14367310360668747,-7.409426167520741,-5.267412200063181,0.509026934930451
2003.5,-5.253907199770817,0.5082980661520237,-0.14059665774859828,-7.413562299303527,-5.253907199770817,0.5105289042794136
2003.75,-5.249160476469558,0.510001171822312,-0.14303105312695863,-7.409419452846824,-5.249160476469558,0.5121619217080166
2004.0,-5.253798389560763,0.507286832286195,-0.14211230051501006,-7.431544319110124,-5.253798389560763,0.50940574188511
2004.25,-5.252086969620849,0.5096544312032669,-0.14855956838563958,-7.469040580114347,-5.252086969620849,0.5119370698462887
2004.5,-5.251508859848258,0.5083144213125439,-0.14840370739222153,-7.488464769540442,-5.251508859848258,0.5103782806305929
2004.75,-5.24766604357109,0.5078610502684369,-0.1471497296523394,-7.522646755247625,-5.24766604357109,0.5097559506157292
2005.0,-5.244935510148612,0.5094118575440274,-0.15031951046161246,-7.5083641578576605,-5.244935510148612,0.5111783471379435
2005.25,-5.25107265062181,0.5068752073343028,-0.14938664006580238,-7.517901518279946,-5.25107265062181,0.5085755329967216
2005.5,-5.253196527167917,0.5042525108558389,-0.14782553147326294,-7.541892685971871,-5.253196527167917,0.505640050135206
2005.75,-5.256392704306291,0.5036464467608237,-0.15017714609011504,-7.5797257066069745,-5.256392704306291,0.504715154879355
2006.0,-5.2539657468271725,0.5030535121714743,-0.15238677728591296,-7.5536462065174685,-5.2539657468271725,0.5037372576675638
2006.25,-5.263803183701871,0.4995164323153515,-0.15154152097108034,-7.5578367539152636,-5.263803183701871,0.5002214962177731
2006.5,-5.274425217538404,0.49607097634407005,-0.15191909100916723,-7.5783666971870955,-5.274425217538404,0.4966496237945546
2006.75,-5.275554290460767,0.49620059881615486,-0.15017099469697842,-7.499567372658521,-5.275554290460767,0.49717116867736366
2007.0,-5.278131928157342,0.4969769263864272,-0.14850713160561116,-7.494462276167322,-5.278131928157342,0.49829984121490406
2007.25,-5.281757238418263,0.49597011583490935,-0.15019882633725123,-7.487588323131655,-5.281757238418263,0.49714130671554013
2007.5,-5.280107469178343,0.49720269651879667,-0.14614054661299378,-7.466226260844493,-5.280107469178343,0.4986475184709968
2007.75,-5.278946274143074,0.4958107722145365,-0.13746536131807327,-7.448417947627491,-5.278946274143074,0.4973256076262157
2008.0,-5.292013215299622,0.4919986481282914,-0.13040100803425345,-7.459361404244161,-5.292013215299622,0.4935468669291268
2008.25,-5.287895952035841,0.4925411609264182,-0.12116302892810858,-7.444729423456711,-5.287895952035841,0.49411622771979413
2008.5,-5.295812772161194,0.4964693973654096,-0.1211352928636661,-7.436315669969243,-5.295812772161194,0.49827578583913595
2008.75,-5.318909535974199,0.50969079273844,-0.12928201956666058,-7.35740713211011,-5.318909535974199,0.510988984756665
2009.0,-5.320893306829099,0.5239631110253651,-0.11463855229782689,-7.250765623401157,-5.320893306829099,0.5225104573177378
2009.25,-5.310589888551662,0.5345855680143135,-0.09863452032516291,-7.204024757017292,-5.310589888551662,0.5317750600480602
2009.5,-5.298800870069795,0.5393211884200019,-0.09411641240561568,-7.232824368011585,-5.298800870069795,0.5388024812605847
2009.75,-5.284554770042499,0.5433008609729814,-0.09865117101016563,-7.250634681660563,-5.284554770042499,0.5454337811873775
2010.0,-5.284953096435739,0.5414760683791449,-0.0972470374287477,-7.268384310439606,-5.284953096435739,0.5438635987348843
2010.25,-5.286295882687683,0.5379987446946382,-0.10540673163911435,-7.2882313828786645,-5.286295882687683,0.5410127192399173
2010.5,-5.277325035293672,0.5409690663225863,-0.10819024835919545,-7.30819172812597,-5.277325035293672,0.5457452868114578
2010.75,-5.277677248749749,0.5397688207888219,-0.10451618727260616,-7.300811995614605,-5.277677248749749,0.54387091121151
2011.0,-5.288633468083936,0.5345492263742672,-0.09980177986806031,-7.334849217712413,-5.288633468083936,0.5380414459073675
2011.25,-5.291095956273251,0.5302053967124829,-0.09973502411433954,-7.345535592878347,-5.291095956273251,0.5332597615411723
2011.5,-5.297355638583582,0.5290348523689103,-0.10253805891615107,-7.36535128426362,-5.297355638583582,0.5322919042731742
2011.75,-5.291884460801953,0.5291674340901384,-0.11507132926894728,-7.3937119011211445,-5.291884460801953,0.5339717800919075
2012.0,-5.289334745280535,0.5272758933490231,-0.11310822460075927,-7.3938439644090055,-5.289334745280535,0.5318054541047018
2012.25,-5.289769533743137,0.5285462389512626,-0.11720872033976969,-7.391721847341032,-5.289769533743137,0.5333106684406121
2012.5,-5.30223092661734,0.5248790311746439,-0.11953565624751386,-7.373333474084198,-5.30223092661734,0.528251934220812
2012.75,-5.307330994064197,0.5238920861584138,-0.11916271553610013,-7.379709757274064,-5.307330994064197,0.5270714449874903
2013.0,-5.301318326549986,0.5248066976286142,-0.12201521988800773,-7.380060478081528,-5.301318326549986,0.5284014236900955
2013.25,-5.305243020112656,0.5246933441605113,-0.1250047873118256,-7.383954108269495,-5.305243020112656,0.5282980481508422
2013.5,-5.302853377108354,0.5246374278123549,-0.12886310873977644,-7.387188979621154,-5.302853377108354,0.5284368875403712
2013.75,-5.300461578978678,0.5226660837258111,-0.12359323168274847,-7.372492728946727,-5.300461578978678,0.5257512923751243
2014.0,-5.312415599596946,0.519764685864021,-0.125559224314692,-7.413749739316473,-5.312415599596946,0.5231366018424527
2014.25,-5.309578046061954,0.5165980020357759,-0.12945593041201728,-7.422619956517507,-5.309578046061954,0.5198331766012835
2014.5,-5.303398445803486,0.5153709470738992,-0.1265565584330569,-7.409045541981601,-5.303398445803486,0.5182204901912982
2014.75,-5.31235898612913,0.5079018124997996,-0.12607314267621195,-7.440698396040273,-5.31235898612913,0.5102606565564703
2015.0,-5.310904553689999,0.5081562515410158,-0.1320800871489564,-7.442836409343667,-5.310904553689999,0.5105830414182289
2015.25,-5.310333930957943,0.5083132517068266,-0.13136720941587451,-7.433256124539747,-5.310333930957943,0.510584518407027
2015.5,-5.312210912461092,0.5068916300281878,-0.12986292884695244,-7.448486270261914,-5.312210912461092,0.5092380768548637
2015.75,-5.3226896753492285,0.5026234825907272,-0.12942823260195058,-7.443058904348639,-5.3226896753492285,0.5042554841960006
2016.0,-5.324758850618792,0.4989450743739664,-0.12433607580606322,-7.443796396490411,-5.324758850618792,0.5001529037422374
2016.25,-5.329054974735584,0.4968759767451021,-0.12137159573692102,-7.435509741226116,-5.329054974735584,0.4976276381661277
2016.5,-5.329022615309954,0.4943633588864641,-0.1177482879978269,-7.428140851456451,-5.329022615309954,0.49471511004808605
2016.75,-5.324556203549912,0.49672097103851365,-0.12113897189096023,-7.45547819824187,-5.324556203549912,0.4978731047223568
2017.0,-5.328309270627141,0.4920869940406686,-0.11593794890366804,-7.463150740114397,-5.328309270627141,0.4928527997334711
2017.25,-5.332882188447021,0.4886990998043723,-0.11907745017396372,-7.477809950041876,-5.332882188447021,0.48939223862417336
2017.5,-5.327899634584778,0.49040203252685177,-0.11969238626395988,-7.468654852758057,-5.327899634584778,0.4911570565358343
2017.75,-5.3249074876334985,0.4863209383653704,-0.11756997770512535,-7.469554670529858,-5.3249074876334985,0.48681207363467965
2018.0,-5.323149970193848,0.4831739978536794,-0.11435424288428706,-7.471885580778365,-5.323149970193848,0.48349813373630934
2018.25,-5.327647203492633,0.4793272128525714,-0.11215434373890384,-7.4524382017469035,-5.327647203492633,0.47911304088861145
2018.5,-5.329955587336541,0.4770784056128573,-0.11665837467306196,-7.474101140958189,-5.329955587336541,0.4770291062346426
2018.75,-5.337881719817887,0.4755520289884684,-0.11862060033930526,-7.479471606609907,-5.337881719817887,0.47543951073808915
2019.0,-5.337498014777042,0.47928932652422096,-0.12302273773832541,-7.460591322847039,-5.337498014777042,0.4790967081802745
2019.25,-5.337669471041094,0.47908764397868586,-0.12351133835105818,-7.461416005054391,-5.337669471041094,0.4788901359196887
2019.5,-5.332555636323275,0.4793763192532856,-0.11974746323462163,-7.442735139036257,-5.332555636323275,0.47895637290910337
2019.75,-5.330114366027591,0.4806633586352561,-0.11221425525937273,-7.405606896707692,-5.330114366027591,0.47963471313068423
2020.0,-5.346344012860591,0.490798878799952,-0.1276042555043924,-7.3908982215855845,-5.346344012860591,0.48977130568330024
2020.25,-5.351632583073361,0.5793602403587634,-0.2164478589535734,-7.374353306529621,-5.351632583073361,0.5947528253712617
2020.5,-5.308636895507732,0.5394170092910546,-0.17493842320296066,-7.45890913460035,-5.308636895507732,0.5466759959383545
2020.75,-5.316913591417593,0.5266139499344782,-0.1718290837347792,-7.49215596829212,-5.316913591417593,0.5317094617088806
2021.0,-5.310802231507067,0.5205881959436501,-0.1585831433928987,-7.468481922606948,-5.310802231507067,0.5245388445421861
2021.25,-5.306156002404982,0.5050247957960604,-0.13377046839466397,-7.495888937803119,-5.306156002404982,0.5075523259260507
2021.5,-5.312674058291959,0.4937919737118024,-0.12408476808782223,-7.520526765735633,-5.312674058291959,0.4954335132708525
2021.75,-5.306829696534029,0.48979908211135303,-0.12881401399646802,-7.536920918036563,-5.306829696534029,0.49087512153453167
2022.0,-5.3235092798207475,0.4856105796717174,-0.1404173372836946,-7.606116022717203,-5.3235092798207475,0.48631099771385633
2022.25,-5.334341982466254,0.47874209654725075,-0.1333769658297812,-7.578055867426424,-5.334341982466254,0.47928821280560646
2022.5,-5.338511881104534,0.4735931055033432,-0.12688360341229715,-7.527506161136799,-5.338511881104534,0.4737437108163158
2022.75,-5.337252979013482,0.47355813272212877,-0.12576814051472357,-7.518668960581107,-5.337252979013482,0.47365233609964713
2023.0,-5.339832224048009,0.4705524747611495,-0.1210150518219736,-7.496612626859315,-5.339832224048009,0.4703772016789306
2023.25,-5.341019414931362,0.4706216408000161,-0.12207104847807586,-7.508465586583933,-5.341019414931362,0.47055267426448905
2023.5,-5.3341484259003495,0.4737665028668945,-0.1208461213787538,-7.479549807883759,-5.3341484259003495,0.47354850317170855
2023.75,-5.3318313228727074,0.4740298215563864,-0.11844692614640248,-7.486001170123766,-5.3318313228727074,0.47392447847097297
2024.0,-5.337712176173837,0.4736577665237748,-0.11685387789561746,-7.491318186441363,-5.337712176173837,0.4735831024192226
2024.25,-5.335219732315031,0.47330982853497994,-0.11670224780746423,-7.514101357460427,-5.335219732315031,0.4734543348648115
2024.5,-5.334905966320639,0.47193176811959014,-0.11476891525774097,-7.5198460633437545,-5.334905966320639,0.4720715925666288
2024.75,-5.337028086098505,0.4717241756979531,-0.111881663252534,-7.517434788719453,-5.337028086098505,0.4718277595889093
